{"cameraMode":{"drawMode":0,"name":"Shaded","section":"Shading Mode"},"sceneLighting":true,"audioPlay":false,"sceneViewState":{"showFog":true,"showMaterialUpdate":false,"showSkybox":true,"showFlares":true,"showImageEffects":true,"showParticleSystems":true},"in2DMode":false,"pivot":{"x":-1.0566129684448243,"y":-2.6843481063842775,"z":7.656726360321045},"rotation":{"x":-0.06287579983472824,"y":0.05117202177643776,"z":-0.003228861605748534,"w":-0.996707022190094},"size":21.536428451538087,"orthographic":false}