{"cameraMode":{"drawMode":0,"name":"Shaded","section":"Shading Mode"},"sceneLighting":true,"audioPlay":false,"sceneViewState":{"showFog":true,"showMaterialUpdate":false,"showSkybox":true,"showFlares":true,"showImageEffects":true,"showParticleSystems":true},"in2DMode":false,"pivot":{"x":25.4254207611084,"y":9.63198471069336,"z":392.6792297363281},"rotation":{"x":-0.057262588292360309,"y":-0.023362604901194574,"z":0.0013405311619862915,"w":-0.9980864524841309},"size":917.8301391601563,"orthographic":false}