{"cameraMode":{"drawMode":0,"name":"Shaded","section":"Shading Mode"},"sceneLighting":true,"audioPlay":false,"sceneViewState":{"showFog":true,"showMaterialUpdate":false,"showSkybox":true,"showFlares":true,"showImageEffects":true,"showParticleSystems":true},"in2DMode":false,"pivot":{"x":-3.375372886657715,"y":3.4315357208251955,"z":-2.462540626525879},"rotation":{"x":0.03440345823764801,"y":0.15114077925682069,"z":-0.005263321101665497,"w":0.9879172444343567},"size":8.513745307922364,"orthographic":false}