{"cameraMode":{"drawMode":0,"name":"Shaded","section":"Shading Mode"},"sceneLighting":true,"audioPlay":false,"sceneViewState":{"showFog":true,"showMaterialUpdate":false,"showSkybox":true,"showFlares":true,"showImageEffects":true,"showParticleSystems":true},"in2DMode":false,"pivot":{"x":-1.2664318084716797,"y":0.2502150535583496,"z":-1.5513992309570313},"rotation":{"x":-0.14011268317699433,"y":0.4630095660686493,"z":-0.07439203560352326,"w":-0.8720460534095764},"size":22.0,"orthographic":false}