{"cameraMode":{"drawMode":0,"name":"Shaded","section":"Shading Mode"},"sceneLighting":true,"audioPlay":false,"sceneViewState":{"showFog":true,"showMaterialUpdate":false,"showSkybox":true,"showFlares":true,"showImageEffects":true,"showParticleSystems":true},"in2DMode":false,"pivot":{"x":-0.23835891485214234,"y":4.671858310699463,"z":-7.98488712310791},"rotation":{"x":-0.14082562923431397,"y":-0.014259151183068753,"z":0.0020295812282711269,"w":-0.989932119846344},"size":16.842748641967775,"orthographic":false}