{"cameraMode":{"drawMode":0,"name":"Shaded","section":"Shading Mode"},"sceneLighting":true,"audioPlay":false,"sceneViewState":{"showFog":true,"showMaterialUpdate":false,"showSkybox":false,"showFlares":true,"showImageEffects":true,"showParticleSystems":true},"in2DMode":false,"pivot":{"x":3.1138501167297365,"y":-5.89118766784668,"z":5.969635963439941},"rotation":{"x":-0.07956378906965256,"y":-0.2724536955356598,"z":0.022625451907515527,"w":-0.958634614944458},"size":11.044251441955567,"orthographic":false}